chrom	bp	SNPID	std_rank	avg_rank_rel
scaffold_1	490509	50384	388.286553334	0.960627015103
scaffold_102	1562973	1284	273.043604576	0.974995757679
scaffold_110	452630	3438	543.849289785	0.955752587816
scaffold_110	2268317	3405	313.765660964	0.966324452741
scaffold_114	474683	4206	459.49053037	0.955162905142
scaffold_12	3799847	6728	228.774583378	0.980714406923
scaffold_171	199108	13122	336.474111188	0.968661971831
scaffold_193	504998	15794	358.716388669	0.969968606822
scaffold_193	579879	15808	170.835264217	0.98237315459
scaffold_258	42438	22832	388.286553334	0.960627015103
scaffold_258	566161	22855	370.882447684	0.953088409978
scaffold_29	10169	25812	283.351971936	0.963719667402
scaffold_30	1273610	27274	518.13633341	0.950042423214
scaffold_36	5276038	30642	379.837659402	0.956817410487
scaffold_36	5276113	30641	189.482347463	0.985423383676
scaffold_44	2691477	34417	522.263523042	0.958573731546
scaffold_44	2724350	34426	352.24891767	0.967079585949
scaffold_50	3392122	37230	417.007347058	0.952583573732
scaffold_88	517307	46870	351.525447159	0.965263872391
