chrom	bp	SNPID	std_rank	avg_rank_rel
scaffold_103	1580146	1562	464.08806007	0.960321567962
scaffold_12	3799847	6728	516.099060259	0.961021550993
scaffold_12	7678845	6949	479.15205311	0.958840997794
scaffold_13	4995294	8526	474.520734531	0.968551671475
scaffold_145	1007020	9195	512.850784829	0.954195655863
scaffold_171	199108	13122	618.717431466	0.951484812489
scaffold_18	4219361	15361	378.119676822	0.96359239776
scaffold_193	504998	15794	533.429320529	0.954810792466
scaffold_193	579879	15808	383.970168112	0.965798404887
scaffold_2	2070518	26607	491.147126633	0.958001018157
scaffold_212	153588	19042	343.859488018	0.968271678262
scaffold_212	553224	52692	494.806376273	0.952867809265
scaffold_227	206676	20380	383.540949574	0.972441880197
scaffold_240	106962	21681	595.195957228	0.952413880876
scaffold_243	248595	21822	620.5352911	0.954857458001
scaffold_269	510533	23699	582.763062917	0.958064652978
scaffold_35	894513	30196	540.73343479	0.952872051587
scaffold_36	5276113	30641	327.182578998	0.974766672323
scaffold_39	1771937	31651	605.301203947	0.956002884779
scaffold_7	5087552	44983	396.626196815	0.970609197353
scaffold_81	450741	45610	476.864391101	0.961051247242
scaffold_89	2271381	46967	521.708776522	0.95439928729
scaffold_91	2606509	47828	447.77776575	0.967855930765
