chrom	bp	SNPID	std_rank	avg_rank_rel
scaffold_110	623630	3459	392.531842657	0.952914474801
scaffold_110	2268317	3405	234.193568443	0.975407262854
scaffold_12	3799847	6728	326.54968994	0.968012896657
scaffold_12	7678845	6949	555.80340724	0.958183437977
scaffold_13	5319891	8547	368.885808889	0.963719667402
scaffold_145	1007020	9195	343.635748286	0.959430680468
scaffold_148	543741	9559	278.536801877	0.966612930596
scaffold_149	1281289	9581	453.328741092	0.963647547938
scaffold_159	594470	11119	317.498724407	0.96753775666
scaffold_16	4481813	12794	395.851222052	0.952901747836
scaffold_162	162253	11911	139.46902882	0.980629560496
scaffold_19	3537015	16534	299.492086707	0.969090446292
scaffold_193	504998	15794	234.312072886	0.97773205498
scaffold_193	537410	15799	360.475446459	0.959057356185
scaffold_193	579879	15808	262.911030579	0.977371457662
scaffold_197	125383	16065	423.256455946	0.967898353979
scaffold_197	143069	16067	278.578978927	0.971275241812
scaffold_197	150472	16069	369.371936536	0.965946886136
scaffold_2	2070518	26607	363.837171685	0.957088919057
scaffold_21	3250318	19691	426.368722469	0.953440522654
scaffold_215	576905	19268	311.845218017	0.968216528084
scaffold_23	6086778	21617	437.970007535	0.96019429832
scaffold_230	735168	20981	299.64316695	0.95913371797
scaffold_236	96337	21199	492.314543762	0.953953843543
scaffold_254	347101	22638	379.357018519	0.973871542508
scaffold_258	454546	22839	406.42894828	0.964372984897
scaffold_258	566161	22855	507.309856005	0.955633802817
scaffold_267	76845	23634	276.171011332	0.970927371458
scaffold_269	510533	23699	429.81722569	0.954560495503
scaffold_292	437500	25664	283.979030916	0.956227727813
scaffold_30	1273610	27274	453.426319814	0.950861191244
scaffold_36	5276113	30641	173.76956005	0.978516884439
scaffold_361	62963	30250	326.408271954	0.962430001697
scaffold_38	4252011	31446	464.544343954	0.953041744443
scaffold_39	1277431	31602	437.970007535	0.96019429832
scaffold_404	79400	32832	197.663419732	0.97515272357
scaffold_44	2691477	34417	453.903139447	0.951484812489
scaffold_44	2724350	34426	449.762826387	0.968437128797
scaffold_62	2613588	40780	373.211923711	0.96295604955
scaffold_74	2770538	43732	374.155048075	0.951892075344
scaffold_91	2606509	47828	232.354556659	0.969845579501
