chrom	bp	SNPID	std_rank	avg_rank_rel
scaffold_119	551988	4926	437.231892135	0.950267266248
scaffold_12	3799847	6728	559.742789145	0.952392669269
scaffold_18	4219361	15361	493.467676246	0.951506024096
scaffold_191	786731	15657	482.892337897	0.961674868488
scaffold_2	14466857	26513	477.712319289	0.956202273884
scaffold_240	106962	21681	539.024700269	0.95582470728
scaffold_36	5276113	30641	384.510025877	0.966078398099
scaffold_39	1771937	31651	492.601522531	0.95306295605
scaffold_46	1241343	34884	343.487739956	0.973218225013
scaffold_7	5087552	44983	491.325378441	0.954679280502
scaffold_81	450741	45610	457.092930923	0.954017478364
scaffold_88	1647237	46777	524.353971569	0.955137451213
scaffold_89	2271381	46967	427.598012156	0.963414220261
scaffold_91	2606509	47828	538.113222287	0.950907856779
