chrom	bp	SNPID	std_rank	avg_rank_rel
scaffold_110	2268317	3405	473.429390195	0.954076870864
scaffold_12	3799847	6728	496.144623573	0.960100967249
scaffold_15	1895988	11208	567.32485403	0.956041065671
scaffold_193	504998	15794	459.982659999	0.968738333616
scaffold_193	579879	15808	339.854321732	0.960105209571
scaffold_2	14466857	26513	337.149759009	0.961751230273
scaffold_261	111128	23367	399.218846624	0.954628372646
scaffold_36	5276113	30641	383.200404488	0.971618869846
scaffold_39	1815035	31654	376.653076451	0.968063804514
scaffold_46	1241343	34884	403.183159371	0.962939080265
