chrom	bp	SNPID	std_rank	avg_rank_rel
scaffold_110	2268317	3405	256.255785301	0.971928559308
scaffold_12	3799847	6728	365.077443839	0.968301374512
scaffold_12	7678845	6949	475.164876648	0.959884608858
scaffold_13	4995294	8526	470.515703776	0.9509714916
scaffold_13	5319891	8547	423.155394034	0.958446461904
scaffold_145	1007020	9195	319.657453378	0.959422195826
scaffold_148	543741	9559	291.495557428	0.964636008824
scaffold_149	1281289	9581	449.926468992	0.961382148312
scaffold_159	594470	11119	350.41655212	0.966638384524
scaffold_16	4481813	12794	356.88702344	0.954696249788
scaffold_162	162253	11911	144.819750034	0.979025963007
scaffold_19	3537015	16534	298.34508124	0.968118954692
scaffold_193	504998	15794	227.659702187	0.97824537587
scaffold_193	537410	15799	374.529117693	0.957305277448
scaffold_193	579879	15808	278.32180565	0.975806041066
scaffold_197	125383	16065	490.687015826	0.962035465807
scaffold_197	143069	16067	313.297542282	0.967037162735
scaffold_197	150472	16069	425.846909112	0.960537926353
scaffold_2	2070518	26607	358.840549548	0.958289496012
scaffold_21	3250318	19691	447.289198953	0.950292720176
scaffold_215	576905	19268	330.961463013	0.966409299169
scaffold_23	6086778	21617	444.993199386	0.956172577634
scaffold_230	735168	20981	316.649348649	0.957687086374
scaffold_236	96337	21199	491.329868825	0.952197522484
scaffold_254	347101	22638	374.263156081	0.971262514848
scaffold_258	454546	22839	436.998340958	0.96016460207
scaffold_258	566161	22855	546.684314756	0.95321567962
scaffold_267	76845	23634	335.662967126	0.963783302223
scaffold_269	510533	23699	400.700795482	0.957267096555
scaffold_292	437500	25664	282.193280395	0.957360427626
scaffold_36	5276113	30641	178.477757718	0.978983539793
scaffold_361	62963	30250	320.878933556	0.961047004921
scaffold_39	1277431	31602	444.993199386	0.956172577634
scaffold_39	1771937	31651	450.138187116	0.950513320889
scaffold_404	79400	32832	228.142915735	0.971737654845
scaffold_44	2724350	34426	506.797422547	0.965369930426
scaffold_62	2613588	40780	334.690887238	0.964627524181
scaffold_91	2606509	47828	208.905504954	0.973587306974
