chrom	bp	SNPID	std_rank	avg_rank_rel
scaffold_111	2183250	3652	531.009818647	0.955425929068
scaffold_133	960051	7547	450.772159744	0.967113524521
scaffold_15	984041	11626	506.92426456	0.958196164941
scaffold_159	711299	11132	605.767139667	0.950564228746
scaffold_174	404072	13433	427.152487409	0.965420838283
scaffold_191	786731	15657	412.047482094	0.969595282539
scaffold_34	3675286	29510	413.690572771	0.955039877821
scaffold_46	1241343	34884	385.331999709	0.974843034108
scaffold_48	102744	35638	544.214149026	0.961191243849
scaffold_5	11153317	39658	564.170831841	0.952116918378
scaffold_64	2292551	41194	376.923413972	0.967775326659
scaffold_72	2133010	43267	375.58732673	0.970609197353
scaffold_88	1647237	46777	259.489614436	0.975886645172
