chrom	bp	SNPID	std_rank	avg_rank_rel
scaffold_0	2278458	469	477.969716614	0.956261666384
scaffold_1	490509	50384	469.841981415	0.961670626167
scaffold_102	1562973	1284	319.019008054	0.97035890039
scaffold_110	452630	3438	244.597889402	0.976824198201
scaffold_110	512023	3446	530.012101277	0.961848803665
scaffold_110	2268317	3405	526.140941194	0.955379263533
scaffold_12	3799847	6728	390.03990501	0.972437637875
scaffold_193	579879	15808	344.689947634	0.972696419481
scaffold_258	42438	22832	469.841981415	0.961670626167
scaffold_27	2920687	24504	461.82501827	0.951726624809
scaffold_28	6518563	25545	691.086526782	0.958701001188
scaffold_29	4778267	26102	530.012101277	0.961848803665
scaffold_3	7270816	32603	459.506354689	0.955379263533
scaffold_30	425687	27399	530.012101277	0.961848803665
scaffold_341	76934	29282	691.086526782	0.958701001188
scaffold_35	321088	30004	440.68259269	0.951132699813
scaffold_36	5276038	30642	321.627404771	0.969561343967
scaffold_36	5276113	30641	299.654113104	0.978894451044
scaffold_44	2691477	34417	483.17455438	0.957788902087
scaffold_44	2724350	34426	393.069319586	0.963677244188
scaffold_45	393141	34757	389.358523728	0.964466315968
scaffold_50	3392122	37230	490.712469273	0.956698625488
scaffold_64	2429892	41207	494.221458458	0.952698116409
scaffold_71	248928	43085	691.086526782	0.958701001188
scaffold_88	517307	46870	583.956685038	0.95785677923
scaffold_9	658592	49427	530.012101277	0.961848803665
