chrom	bp	SNPID	std_rank	avg_rank_rel
scaffold_103	1580146	1562	488.097182946	0.952163583913
scaffold_110	623630	3459	358.439517213	0.950216358391
scaffold_110	2268317	3405	283.227554274	0.96856864076
scaffold_12	3799847	6728	367.878240726	0.966485660954
scaffold_12	7678845	6949	402.542097177	0.963125742406
scaffold_13	4995294	8526	350.506815198	0.959430680468
scaffold_13	5319891	8547	503.584064482	0.950339385712
scaffold_145	1007020	9195	360.583540944	0.961047004921
scaffold_147	1173224	9394	428.309420863	0.955099270321
scaffold_148	543741	9559	253.367297614	0.964216019006
scaffold_149	1281289	9581	321.046865738	0.965221449177
scaffold_159	594470	11119	387.512383673	0.965217206856
scaffold_16	4481813	12794	276.860524452	0.957534362803
scaffold_162	162253	11911	148.985997664	0.978122348549
scaffold_19	3537015	16534	279.997370523	0.96598930935
scaffold_193	504998	15794	245.872624544	0.976535720346
scaffold_193	537410	15799	375.842786282	0.958085864585
scaffold_193	552836	15806	569.050074686	0.950004242321
scaffold_193	579879	15808	336.477112892	0.974966061429
scaffold_197	125383	16065	468.027443106	0.963494824368
scaffold_197	143069	16067	350.013039043	0.964479042932
scaffold_197	150472	16069	463.623942436	0.963617851688
scaffold_2	2070518	26607	298.421664763	0.965051756321
scaffold_2	4083295	26730	408.41896075	0.951344815883
scaffold_212	153588	19042	273.780619292	0.953729000509
scaffold_215	576905	19268	273.110687268	0.965548107925
scaffold_227	206676	20380	412.226791342	0.954195655863
scaffold_23	6086778	21617	494.649269685	0.955710164602
scaffold_230	735168	20981	336.81425148	0.952536908196
scaffold_254	347101	22638	292.109414432	0.975793314101
scaffold_258	454546	22839	431.09887497	0.959731885288
scaffold_258	566161	22855	566.798412136	0.953555065332
scaffold_267	76845	23634	310.329743982	0.966188698456
scaffold_269	510533	23699	397.523018201	0.961606991346
scaffold_292	437500	25664	318.95070152	0.957449516375
scaffold_30	1273610	27274	459.994182028	0.95176056338
scaffold_36	5276113	30641	217.897774197	0.975852706601
scaffold_361	62963	30250	264.470314969	0.966438995418
scaffold_39	1277431	31602	494.649269685	0.955710164602
scaffold_39	1771937	31651	461.899274734	0.952706601052
scaffold_404	79400	32832	247.714371808	0.970787374852
scaffold_44	2724350	34426	493.500091185	0.965857797387
scaffold_62	2613588	40780	248.863999003	0.967919565586
scaffold_7	5087552	44983	320.627646188	0.956622263703
scaffold_91	2606509	47828	237.019830394	0.973782453759
